{"colour": {"correct": 27, "incorrect": 49, "unknown": 3, "total": 79}, "material": {"correct": 42, "incorrect": 45, "unknown": 0, "total": 87}, "no": 604, "number": {"correct": 52, "incorrect": 181, "unknown": 0, "total": 233}, "shape": {"correct": 41, "incorrect": 57, "unknown": 0, "total": 98}, "size": {"correct": 22, "incorrect": 56, "unknown": 3, "total": 81}, "unknown": 6, "yes": 390, "yes-no": {"correct": 206, "incorrect": 216, "unknown": 0, "total": 422}, "accuracy_yes-no": 0.4881516587677725, "accuracy_number": 0.22317596566523606, "accuracy_shape": 0.41836734693877553, "accuracy_size": 0.28205128205128205, "accuracy_colour": 0.35526315789473684, "accuracy_material": 0.4827586206896552, "accuracy": 0.39235412474849096}