{"colour": {"correct": 22, "incorrect": 53, "unknown": 1, "total": 76}, "material": {"correct": 54, "incorrect": 47, "unknown": 1, "total": 102}, "no": 625, "number": {"correct": 38, "incorrect": 200, "unknown": 0, "total": 238}, "shape": {"correct": 43, "incorrect": 57, "unknown": 0, "total": 100}, "size": {"correct": 33, "incorrect": 72, "unknown": 2, "total": 107}, "unknown": 4, "yes": 371, "yes-no": {"correct": 181, "incorrect": 196, "unknown": 0, "total": 377}, "accuracy_yes-no": 0.48010610079575594, "accuracy_number": 0.15966386554621848, "accuracy_shape": 0.43, "accuracy_size": 0.3142857142857143, "accuracy_colour": 0.29333333333333333, "accuracy_material": 0.5346534653465347, "accuracy": 0.37248995983935745}