{"colour": {"correct": 30, "incorrect": 59, "unknown": 0, "total": 89}, "material": {"correct": 51, "incorrect": 44, "unknown": 0, "total": 95}, "no": 624, "number": {"correct": 32, "incorrect": 215, "unknown": 0, "total": 247}, "shape": {"correct": 30, "incorrect": 52, "unknown": 0, "total": 82}, "size": {"correct": 21, "incorrect": 64, "unknown": 0, "total": 85}, "unknown": 0, "yes": 376, "yes-no": {"correct": 212, "incorrect": 190, "unknown": 0, "total": 402}, "accuracy_yes-no": 0.527363184079602, "accuracy_number": 0.12955465587044535, "accuracy_shape": 0.36585365853658536, "accuracy_size": 0.24705882352941178, "accuracy_colour": 0.33707865168539325, "accuracy_material": 0.5368421052631579, "accuracy": 0.376}