{"colour": {"correct": 31, "incorrect": 51, "unknown": 2, "total": 84}, "material": {"correct": 43, "incorrect": 38, "unknown": 0, "total": 81}, "no": 626, "number": {"correct": 42, "incorrect": 210, "unknown": 0, "total": 252}, "shape": {"correct": 43, "incorrect": 54, "unknown": 0, "total": 97}, "size": {"correct": 30, "incorrect": 58, "unknown": 1, "total": 89}, "unknown": 3, "yes": 371, "yes-no": {"correct": 182, "incorrect": 215, "unknown": 0, "total": 397}, "accuracy_yes-no": 0.45843828715365237, "accuracy_number": 0.16666666666666666, "accuracy_shape": 0.44329896907216493, "accuracy_size": 0.3409090909090909, "accuracy_colour": 0.3780487804878049, "accuracy_material": 0.5308641975308642, "accuracy": 0.3721163490471414}