{"colour": {"correct": 39, "incorrect": 48, "unknown": 0, "total": 87}, "material": {"correct": 29, "incorrect": 48, "unknown": 3, "total": 80}, "no": 606, "number": {"correct": 37, "incorrect": 194, "unknown": 0, "total": 231}, "shape": {"correct": 49, "incorrect": 32, "unknown": 0, "total": 81}, "size": {"correct": 28, "incorrect": 59, "unknown": 2, "total": 89}, "unknown": 5, "yes": 389, "yes-no": {"correct": 207, "incorrect": 225, "unknown": 0, "total": 432}, "accuracy_yes-no": 0.4791666666666667, "accuracy_number": 0.16017316017316016, "accuracy_shape": 0.6049382716049383, "accuracy_size": 0.3218390804597701, "accuracy_colour": 0.4482758620689655, "accuracy_material": 0.37662337662337664, "accuracy": 0.39095477386934674}