{"colour": {"correct": 40, "incorrect": 55, "unknown": 1, "total": 96}, "material": {"correct": 47, "incorrect": 56, "unknown": 2, "total": 105}, "no": 619, "number": {"correct": 36, "incorrect": 192, "unknown": 0, "total": 228}, "shape": {"correct": 30, "incorrect": 56, "unknown": 0, "total": 86}, "size": {"correct": 26, "incorrect": 68, "unknown": 1, "total": 95}, "unknown": 4, "yes": 377, "yes-no": {"correct": 198, "incorrect": 192, "unknown": 0, "total": 390}, "accuracy_yes-no": 0.5076923076923077, "accuracy_number": 0.15789473684210525, "accuracy_shape": 0.3488372093023256, "accuracy_size": 0.2765957446808511, "accuracy_colour": 0.42105263157894735, "accuracy_material": 0.4563106796116505, "accuracy": 0.3785140562248996}