{"colour": {"correct": 378, "incorrect": 520, "unknown": 7, "total": 905}, "material": {"correct": 347, "incorrect": 423, "unknown": 5, "total": 775}, "no": 6127, "number": {"correct": 435, "incorrect": 2022, "unknown": 0, "total": 2457}, "shape": {"correct": 480, "incorrect": 387, "unknown": 0, "total": 867}, "size": {"correct": 195, "incorrect": 579, "unknown": 15, "total": 789}, "unknown": 27, "yes": 3838, "yes-no": {"correct": 2003, "incorrect": 2196, "unknown": 0, "total": 4199}, "accuracy_yes-no": 0.47701833769945223, "accuracy_number": 0.17704517704517705, "accuracy_shape": 0.5536332179930796, "accuracy_size": 0.25193798449612403, "accuracy_colour": 0.4209354120267261, "accuracy_material": 0.45064935064935063, "accuracy": 0.3851480180632213}