{"colour": {"correct": 303, "incorrect": 598, "unknown": 14, "total": 915}, "material": {"correct": 427, "incorrect": 532, "unknown": 5, "total": 964}, "no": 6116, "number": {"correct": 426, "incorrect": 1871, "unknown": 2, "total": 2299}, "shape": {"correct": 376, "incorrect": 584, "unknown": 0, "total": 960}, "size": {"correct": 266, "incorrect": 620, "unknown": 15, "total": 901}, "unknown": 36, "yes": 3848, "yes-no": {"correct": 2050, "incorrect": 1911, "unknown": 0, "total": 3961}, "accuracy_yes-no": 0.5175460742236809, "accuracy_number": 0.18545929473225947, "accuracy_shape": 0.39166666666666666, "accuracy_size": 0.3002257336343115, "accuracy_colour": 0.3362930077691454, "accuracy_material": 0.44525547445255476, "accuracy": 0.3861902850260939}