{"colour": {"correct": 329, "incorrect": 552, "unknown": 10, "total": 891}, "material": {"correct": 421, "incorrect": 470, "unknown": 9, "total": 900}, "no": 6096, "number": {"correct": 425, "incorrect": 1955, "unknown": 0, "total": 2380}, "shape": {"correct": 361, "incorrect": 478, "unknown": 0, "total": 839}, "size": {"correct": 228, "incorrect": 659, "unknown": 18, "total": 905}, "unknown": 37, "yes": 3867, "yes-no": {"correct": 2103, "incorrect": 1982, "unknown": 0, "total": 4085}, "accuracy_yes-no": 0.5148102815177479, "accuracy_number": 0.17857142857142858, "accuracy_shape": 0.4302741358760429, "accuracy_size": 0.2570462232243517, "accuracy_colour": 0.37343927355278095, "accuracy_material": 0.4725028058361392, "accuracy": 0.38813610358325806}