{"colour": {"correct": 340, "incorrect": 577, "unknown": 15, "total": 932}, "material": {"correct": 451, "incorrect": 489, "unknown": 5, "total": 945}, "no": 6117, "number": {"correct": 437, "incorrect": 1918, "unknown": 0, "total": 2355}, "shape": {"correct": 333, "incorrect": 533, "unknown": 0, "total": 866}, "size": {"correct": 287, "incorrect": 670, "unknown": 18, "total": 975}, "unknown": 38, "yes": 3845, "yes-no": {"correct": 1997, "incorrect": 1930, "unknown": 0, "total": 3927}, "accuracy_yes-no": 0.5085306850012732, "accuracy_number": 0.18556263269639064, "accuracy_shape": 0.384526558891455, "accuracy_size": 0.2998955067920585, "accuracy_colour": 0.3707742639040349, "accuracy_material": 0.4797872340425532, "accuracy": 0.3859666733587633}